{
  "Register API" : {
    "transaction" : "Register API",
    "sampleCount" : 30,
    "errorCount" : 6,
    "errorPct" : 20.0,
    "meanResTime" : 331.59999999999997,
    "medianResTime" : 323.0,
    "minResTime" : 317.0,
    "maxResTime" : 588.0,
    "pct1ResTime" : 326.0,
    "pct2ResTime" : 444.4499999999998,
    "pct3ResTime" : 588.0,
    "throughput" : 2.1968365553602816,
    "receivedKBytesPerSec" : 3.035167119764206,
    "sentKBytesPerSec" : 0.5835347100175746
  },
  "Get Users API" : {
    "transaction" : "Get Users API",
    "sampleCount" : 30,
    "errorCount" : 0,
    "errorPct" : 0.0,
    "meanResTime" : 60.766666666666666,
    "medianResTime" : 60.0,
    "minResTime" : 58.0,
    "maxResTime" : 67.0,
    "pct1ResTime" : 63.0,
    "pct2ResTime" : 64.8,
    "pct3ResTime" : 67.0,
    "throughput" : 2.2396416573348263,
    "receivedKBytesPerSec" : 5.4963080907054875,
    "sentKBytesPerSec" : 0.34338255879059354
  },
  "Total" : {
    "transaction" : "Total",
    "sampleCount" : 90,
    "errorCount" : 10,
    "errorPct" : 11.111111,
    "meanResTime" : 315.488888888889,
    "medianResTime" : 323.0,
    "minResTime" : 58.0,
    "maxResTime" : 1473.0,
    "pct1ResTime" : 574.5000000000008,
    "pct2ResTime" : 710.9,
    "pct3ResTime" : 1473.0,
    "throughput" : 5.557957141974927,
    "receivedKBytesPerSec" : 9.64808530306305,
    "sentKBytesPerSec" : 1.270080050021614
  },
  "Login API" : {
    "transaction" : "Login API",
    "sampleCount" : 30,
    "errorCount" : 4,
    "errorPct" : 13.333333,
    "meanResTime" : 554.0999999999998,
    "medianResTime" : 447.0,
    "minResTime" : 435.0,
    "maxResTime" : 1473.0,
    "pct1ResTime" : 712.9,
    "pct2ResTime" : 1272.2499999999998,
    "pct3ResTime" : 1473.0,
    "throughput" : 2.0260687512662927,
    "receivedKBytesPerSec" : 2.7797768791787667,
    "sentKBytesPerSec" : 0.5401530948200175
  }
}