{
  "Register API" : {
    "transaction" : "Register API",
    "sampleCount" : 20,
    "errorCount" : 10,
    "errorPct" : 50.0,
    "meanResTime" : 322.9,
    "medianResTime" : 323.0,
    "minResTime" : 320.0,
    "maxResTime" : 327.0,
    "pct1ResTime" : 325.9,
    "pct2ResTime" : 326.95,
    "pct3ResTime" : 327.0,
    "throughput" : 0.353938450103527,
    "receivedKBytesPerSec" : 0.4941312580742209,
    "sentKBytesPerSec" : 0.09401490080874936
  },
  "Get Users API" : {
    "transaction" : "Get Users API",
    "sampleCount" : 20,
    "errorCount" : 0,
    "errorPct" : 0.0,
    "meanResTime" : 60.75,
    "medianResTime" : 61.0,
    "minResTime" : 58.0,
    "maxResTime" : 66.0,
    "pct1ResTime" : 64.7,
    "pct2ResTime" : 65.95,
    "pct3ResTime" : 66.0,
    "throughput" : 0.3555681979803726,
    "receivedKBytesPerSec" : 0.8726004702389418,
    "sentKBytesPerSec" : 0.0545158272294126
  },
  "Total" : {
    "transaction" : "Total",
    "sampleCount" : 60,
    "errorCount" : 22,
    "errorPct" : 36.666668,
    "meanResTime" : 292.09999999999997,
    "medianResTime" : 323.0,
    "minResTime" : 58.0,
    "maxResTime" : 1094.0,
    "pct1ResTime" : 455.7,
    "pct2ResTime" : 458.95,
    "pct3ResTime" : 1094.0,
    "throughput" : 0.9728099615740066,
    "receivedKBytesPerSec" : 1.7014990900173486,
    "sentKBytesPerSec" : 0.22230227637531008
  },
  "Login API" : {
    "transaction" : "Login API",
    "sampleCount" : 20,
    "errorCount" : 12,
    "errorPct" : 60.0,
    "meanResTime" : 492.65,
    "medianResTime" : 446.0,
    "minResTime" : 438.0,
    "maxResTime" : 1094.0,
    "pct1ResTime" : 685.8000000000005,
    "pct2ResTime" : 1074.8499999999997,
    "pct3ResTime" : 1094.0,
    "throughput" : 0.3490096850187593,
    "receivedKBytesPerSec" : 0.487556986737632,
    "sentKBytesPerSec" : 0.09304652735363407
  }
}